Draw_Number,Winning_Number_1,Winning_Number_2,Winning_Number_3,Winning_Number_4,Winning_Number_5,Winning_Number_6
332110,18,26,27,48,51,53
332210,6,15,25,27,30,37
332310,14,17,21,31,38,46
332410,15,18,37,39,44,52
332510,2,8,24,31,33,50
332610,16,26,27,39,40,46
332710,16,19,28,36,47,54
332810,11,21,25,39,43,49
332910,1,22,23,48,49,57
333010,10,12,36,40,45,47
333110,2,6,36,38,49,50
333210,19,22,34,41,48,52
333310,1,21,29,30,35,46
333410,3,9,28,33,37,54
333510,13,14,18,29,30,49
333610,7,12,18,31,41,49
333710,10,11,22,29,36,51
333810,2,3,25,26,29,52
333910,10,13,18,31,50,53
334010,1,9,12,27,45,50
334110,2,20,21,22,31,34
334210,7,19,22,25,44,49
334310,5,23,26,27,43,49
334410,13,18,22,40,48,55
334510,30,33,39,41,43,54
334610,6,30,46,48,56,58
334710,8,10,15,21,31,32
334810,17,39,43,44,50,54
334910,1,13,17,21,37,58
335010,11,28,30,37,39,58
335110,1,14,20,42,48,49
335210,5,7,10,11,13,27
335310,12,16,42,43,48,49
335410,10,27,30,36,38,40
335510,8,14,29,41,43,57
335610,14,26,27,40,41,50
335710,5,21,22,24,27,32
335810,1,16,21,41,49,51
335910,4,17,23,34,41,43
336010,2,18,39,45,46,55
336110,5,11,29,32,47,58
336210,3,4,21,26,54,58
336310,6,7,47,50,52,53
336410,14,25,39,42,47,50
336510,6,12,15,18,25,58
336610,8,22,32,43,45,51
336710,5,6,22,50,52,55
336810,6,10,20,29,41,54
336910,6,18,19,41,45,47
337010,13,19,30,35,38,58
337110,19,20,31,33,47,58
337210,5,15,19,20,45,49
337310,6,14,31,35,43,44
337410,2,4,8,18,45,48
337510,2,8,33,36,41,44
337610,7,11,27,28,37,40
337710,4,21,31,44,51,58
337810,7,18,35,41,43,50
337910,3,4,34,37,38,57
338010,8,16,44,45,46,52
338110,5,9,16,38,42,49
338210,5,19,23,28,47,58
338310,24,33,36,39,42,50
338410,15,23,24,26,37,47
338510,8,21,22,35,41,58
338610,1,2,27,40,54,55
338710,1,7,8,40,46,57
338810,1,21,46,49,51,53
338910,10,19,27,31,34,51
339010,7,12,14,23,31,35
339110,9,11,31,44,48,57
339210,5,8,9,20,52,54
339310,21,23,25,34,43,47
339410,20,21,23,30,31,44
339510,21,23,42,49,55,58
339610,9,12,15,40,46,48
339710,10,25,34,35,47,52
339810,12,14,16,35,45,46
339910,5,15,28,33,38,56
340010,12,30,35,41,43,55
340110,7,20,29,35,36,56
340210,1,3,6,27,44,49
340310,3,6,8,22,26,32
340410,15,38,41,48,49,52
340510,10,16,29,40,44,57
340610,12,17,21,31,33,35
340710,16,24,26,34,36,46
340810,11,17,19,24,40,44
340910,3,7,28,35,48,50
341010,3,11,13,21,53,54
341110,1,3,13,18,20,36
341210,21,23,26,43,44,54
341310,8,11,19,22,54,55
341410,11,22,27,30,35,53
341510,4,8,11,13,17,48
341610,2,4,24,26,32,53
341710,6,14,32,42,48,56
341810,6,20,23,32,38,50
341910,4,18,19,27,46,49
342010,2,3,10,24,30,39
342110,17,18,26,30,42,50
342210,3,6,7,9,37,46
342310,13,28,39,40,42,57
342410,8,14,27,35,42,55
342510,7,33,38,44,52,56
342610,7,11,18,19,22,26
342710,11,13,24,33,35,49
342810,2,11,15,36,44,51
342910,7,19,26,30,38,39
343010,3,4,11,29,40,53
343110,1,5,25,29,33,53
343210,9,17,22,29,36,45
343310,13,19,30,35,39,52
343410,20,25,34,47,49,56
343510,14,22,26,29,41,46
343610,5,8,17,21,31,42
343710,19,27,36,38,43,54
343810,5,22,25,43,46,58
343910,9,19,29,41,43,55
344010,10,11,26,31,43,52
344110,5,13,21,26,38,54
344210,23,27,30,49,51,53
344310,13,20,22,32,41,49
344410,4,11,44,49,54,56
344510,23,27,33,41,55,57
344610,4,9,22,25,28,36
344710,14,23,30,35,44,53
344810,3,9,29,35,54,55
344910,5,9,10,18,28,50
345010,4,11,17,21,23,41
345110,1,13,19,20,28,55
345210,9,24,32,34,38,39
345310,16,21,24,29,35,54
345410,10,14,20,31,37,38
345510,1,6,20,32,40,54
345610,11,17,26,40,48,52
345710,5,22,46,55,57,58
345810,18,32,45,50,51,53
345911,8,13,25,26,30,35
346011,11,27,33,37,44,51
346111,16,20,21,27,28,54
346211,10,14,15,16,25,46
346311,1,5,11,13,16,27
346411,4,5,13,20,23,35
346511,16,22,33,35,39,43
346611,4,7,18,31,54,55
346711,9,34,42,48,52,53
346811,9,13,18,28,33,47
346911,6,22,27,30,51,52
347011,16,26,33,35,40,43
347111,3,12,21,22,28,56
347211,1,22,42,48,51,52
347311,7,9,24,25,33,53
347411,12,20,42,50,51,56
347511,2,21,33,38,47,50
347611,1,12,16,26,35,42
347711,19,20,24,38,46,57
347811,8,14,42,44,49,55
347911,14,26,33,44,47,58
348011,12,24,39,47,48,50
348111,5,7,10,26,29,51
348211,1,10,11,36,41,51
348311,18,37,38,42,53,54
348411,2,3,15,42,48,57
348511,1,11,15,29,45,47
348611,5,6,20,23,26,34
348711,11,15,18,25,47,51
348811,7,13,25,37,44,51
348911,20,23,27,40,45,51
349011,2,3,8,12,39,44
349111,25,39,40,46,47,55
349211,1,13,14,20,23,53
349311,10,18,22,26,30,57
349411,5,11,34,36,49,57
349511,10,11,17,19,23,39
349611,4,5,17,19,43,44
349711,14,17,33,40,43,54
349811,2,10,15,20,27,39
349911,11,21,30,31,45,56
350011,26,30,35,38,41,44
350111,9,17,26,29,37,58
350211,4,5,9,20,39,53
350311,7,26,44,46,48,49
350411,4,8,14,35,53,58
350511,5,10,12,18,19,28
350611,3,6,10,32,40,41
350711,6,12,34,44,47,53
350811,9,25,28,33,37,43
350911,6,21,26,43,50,52
351011,5,8,13,23,41,50
351111,8,19,23,28,31,56
351211,5,12,16,25,56,57
351311,6,22,25,26,35,37
351411,1,9,20,21,29,32
351511,10,14,27,40,44,55
351611,1,2,7,8,30,34
351711,10,15,23,40,42,51
351811,6,14,26,33,51,55
351911,3,29,31,44,48,57
352011,20,31,37,42,45,47
352111,6,11,24,29,46,47
352211,1,3,17,18,23,37
352311,2,5,44,49,53,55
352411,5,23,27,39,49,50
352511,11,17,24,45,46,52
352611,1,4,15,23,36,41
352711,18,28,30,46,48,49
352811,4,11,26,30,42,45
352911,6,9,19,27,47,55
353011,17,23,31,35,48,53
353111,16,26,39,44,46,51
353211,7,9,27,28,47,54
353311,1,3,20,36,45,48
353411,1,18,28,41,48,52
353511,1,5,23,25,30,55
353611,3,8,27,30,43,58
353711,1,6,8,42,51,53
353811,1,24,34,37,38,58
353911,2,5,24,49,53,55
354011,5,7,11,20,37,44
354111,1,2,34,45,46,58
354211,6,18,21,26,27,29
354311,18,23,24,38,44,50
354411,2,10,35,36,45,52
354511,8,11,14,27,39,50
354611,5,8,21,39,43,58
354711,3,14,16,19,24,40
354811,16,22,23,28,30,42
354911,1,15,18,19,23,44
355011,3,4,31,32,40,49
355111,3,11,34,35,43,48
355211,5,17,21,37,48,52
355311,1,25,26,43,50,54
355411,2,14,23,26,32,33
355511,12,14,33,40,42,51
355611,5,7,16,24,25,41
355711,1,29,30,32,46,57
355811,15,20,21,38,42,55
355911,11,17,23,41,42,46
356011,17,26,36,37,43,53
356111,10,15,34,37,40,46
356211,12,18,27,34,41,49
356311,18,20,49,52,53,57
356411,7,22,34,45,49,57
356511,3,25,31,32,41,42
356611,3,16,24,29,53,55
356711,2,3,4,6,13,35
356811,3,4,11,17,27,44
356911,18,23,30,32,45,53
357011,2,23,31,32,44,55
357111,4,10,20,30,43,46
357211,8,27,28,29,40,48
357311,2,3,14,21,25,45
357411,8,15,22,28,36,55
357511,9,14,18,37,49,52
357611,23,29,31,35,37,46
357711,7,16,40,41,50,53
357811,14,23,34,43,53,55
357911,28,37,43,48,51,56
358011,7,8,12,14,40,43
358111,21,34,38,42,45,46
358211,34,40,50,53,55,58
358311,10,14,23,30,36,48
358411,7,17,28,30,36,44
358511,9,18,21,39,50,58
358611,8,29,37,40,42,53
358711,6,7,13,42,46,54
358811,27,33,34,45,47,56
358911,11,29,39,44,56,57
359011,2,13,17,27,33,53
359111,3,21,30,31,39,55
359211,27,35,36,37,38,49
359311,4,12,13,27,33,58
359411,1,2,6,8,28,58
359511,15,30,33,36,38,41
359611,7,33,35,36,43,49
359711,5,10,12,22,25,37
359811,5,8,24,33,44,47
359911,5,9,11,34,43,44
360011,16,17,19,21,38,57
360111,11,14,16,23,49,58
360211,21,26,36,41,44,45
360311,12,21,23,27,29,44
360411,9,13,19,26,35,40
360511,1,3,17,31,35,39
360611,12,17,28,42,50,57
360711,5,25,28,36,39,42
360811,13,26,34,38,39,44
360911,12,15,21,28,42,58
361011,11,18,19,24,56,58
361111,20,27,35,36,43,57
361211,2,7,13,20,39,48
361311,2,3,12,16,34,35
361411,17,36,39,40,41,44
361511,1,9,11,20,24,54
361611,11,15,22,37,38,42
361711,2,7,10,14,24,35
361811,2,20,25,26,29,53
361911,6,17,31,42,43,48
362011,5,23,26,29,31,58
362111,3,7,15,20,45,53
362211,4,24,27,31,49,57
362311,15,32,36,45,55,58
362411,3,28,43,46,56,57
362511,6,8,9,11,23,56
362611,6,16,20,21,39,52
362711,7,16,21,40,41,43
362811,5,13,26,34,49,51
362911,9,19,29,41,54,58
363011,5,13,38,47,50,51
363111,17,36,43,44,45,51
363211,4,5,21,47,51,52
363311,3,12,25,27,42,52
363411,6,8,22,25,30,57
363511,5,17,20,46,55,58
363612,7,15,16,19,24,51
363712,18,21,42,44,48,56
363812,4,29,39,41,43,52
363912,13,15,16,18,43,45
364012,5,9,13,17,35,41
364112,3,13,30,31,34,52
364212,2,7,10,17,23,29
364312,1,7,19,37,46,55
364412,2,12,24,25,32,33
364512,9,26,32,34,51,57
364612,7,25,26,35,43,50
364712,11,13,24,39,44,54
364812,4,12,36,38,46,50
364912,9,19,30,31,35,38
365012,3,12,30,32,36,47
365112,11,13,14,37,42,51
365212,7,38,39,48,57,58
365312,3,10,15,16,28,53
365412,8,17,24,49,54,57
365512,6,11,43,49,55,58
365612,7,21,24,25,52,57
365712,9,15,28,34,36,56
365812,10,17,38,39,50,58
365912,21,29,30,35,46,58
366012,1,11,19,20,43,58
366112,10,11,16,36,39,56
366212,8,17,23,25,28,42
366312,10,17,19,24,53,56
366412,18,19,37,42,51,53
366512,3,20,50,53,55,57
366612,11,21,22,51,53,54
366712,1,4,26,41,44,50
366812,3,9,20,29,41,58
366912,1,24,31,38,43,45
367012,1,26,35,37,47,58
367112,11,15,24,42,53,58
367212,9,15,22,31,40,49
367312,13,20,31,36,50,54
367412,4,16,21,26,31,50
367512,10,19,25,40,42,54
367612,5,19,31,50,54,57
367712,14,24,40,42,43,57
367812,9,18,22,28,38,39
367912,14,18,20,44,47,48
368012,14,18,30,33,47,52
368112,3,20,48,52,56,57
368212,10,12,24,27,36,38
368312,2,3,20,28,42,48
368412,7,17,25,38,48,50
368512,11,14,30,35,46,55
368612,3,9,22,25,34,35
368712,9,19,27,38,45,46
368812,16,18,46,51,54,57
368912,2,9,10,28,35,36
369012,6,9,17,18,26,47
369112,10,37,44,45,51,54
369212,3,8,19,20,33,40
369312,12,19,23,39,40,53
369412,8,11,15,20,33,34
369512,15,26,39,40,52,54
369612,4,26,36,41,45,52
369712,28,38,40,46,52,53
369812,5,7,16,23,26,39
369912,16,22,23,26,31,58
370012,17,32,41,42,44,58
370112,10,13,16,26,36,56
370212,4,7,10,38,50,57
370312,2,10,25,28,31,36
370412,14,21,30,31,48,51
370512,9,14,17,19,26,52
370612,8,11,20,49,57,58
370712,15,17,18,31,49,55
370812,4,20,45,49,50,58
370912,4,5,24,25,31,34
371012,7,9,33,36,40,56
371112,20,24,25,32,50,52
371212,10,19,21,34,42,45
371312,13,20,22,23,52,58
371412,30,41,45,46,47,58
371512,5,27,29,41,43,51
371612,3,23,25,48,51,57
371712,5,26,30,40,51,57
371812,7,12,18,30,41,44
371912,8,30,35,38,46,50
372012,2,19,21,30,41,42
372112,15,25,28,29,35,37
372212,13,16,19,30,32,56
372312,6,12,39,42,53,58
372412,2,7,12,25,29,33
372512,7,14,43,45,46,53
372612,17,23,37,39,44,46
372712,1,2,20,34,50,54
372812,11,12,24,25,36,53
372912,18,20,30,45,57,58
373012,9,11,18,20,21,50
373112,3,5,14,27,31,40
373212,2,6,14,32,34,50
373312,6,12,20,33,40,56
373412,3,4,14,21,31,54
373512,12,20,25,26,27,56
373612,15,28,46,49,53,57
373712,25,32,33,40,51,57
373812,2,27,46,49,50,57
373912,25,31,32,41,51,53
374012,4,5,28,38,43,56
374112,11,17,22,32,50,51
374212,1,10,14,27,41,47
374312,20,22,34,35,39,48
374412,4,9,11,13,44,46
374512,14,31,33,42,47,58
374612,9,26,32,33,35,36
374712,1,8,11,12,40,49
374812,5,13,17,19,32,52
374912,18,22,24,37,38,48
375012,2,15,17,31,37,41
375112,19,20,27,34,37,58
375212,19,20,30,31,35,38
375312,2,8,34,36,41,47
375412,7,12,14,20,21,29
375512,1,9,32,35,37,45
375612,3,14,20,28,30,43
375712,1,20,26,33,49,55
375812,12,22,42,44,48,51
375912,7,13,20,34,35,43
376012,7,9,11,13,46,57
376112,8,22,25,36,57,58
376212,2,8,21,32,34,53
376312,5,29,40,44,51,58
376412,4,10,20,21,52,55
376512,12,16,35,40,41,58
376612,22,32,38,39,45,57
376712,9,13,16,18,33,54
376812,2,13,19,30,50,51
376912,2,14,22,23,25,43
377012,3,9,11,12,47,57
377112,10,22,30,31,32,52
377212,1,5,11,13,16,53
377312,6,11,13,21,46,51
377412,7,16,26,37,38,49
377512,10,15,16,21,31,45
377612,2,16,34,39,49,56
377712,5,6,8,40,41,47
377812,6,20,48,50,51,56
377912,11,19,32,52,53,56
378012,16,19,20,21,39,58
378112,3,26,27,28,32,57
378212,4,26,33,36,40,42
378312,1,4,8,20,29,42
378412,3,4,23,46,49,53
378512,2,11,17,20,29,58
378612,29,42,43,45,49,51
378712,6,23,26,40,41,57
378812,8,10,16,20,49,57
378912,1,9,17,39,51,58
379012,6,20,28,29,31,42
379112,7,13,37,45,52,57
379212,1,9,14,26,41,52
379312,2,3,14,19,32,36
379412,3,25,39,40,55,56
379512,18,25,27,29,36,54
379612,21,30,52,53,56,57
379712,4,15,22,24,43,49
379812,8,14,41,45,48,51
379912,13,23,34,46,53,55
380012,4,15,23,32,47,58
380112,4,8,28,33,46,47
380212,1,7,10,36,44,46
380312,1,8,24,44,46,48
380412,3,5,6,18,22,39
380512,1,9,27,45,50,53
380612,5,6,15,35,39,40
380712,7,11,39,47,49,58
380812,6,10,12,48,49,57
380912,9,10,17,37,42,56
381012,13,14,21,27,34,44
381112,20,38,44,46,50,55
381212,7,33,36,40,46,50
381312,5,6,16,21,51,57
381412,11,20,30,31,33,48
381513,11,12,20,22,28,46
381613,13,24,29,32,38,46
381713,3,19,27,32,52,53
381813,4,10,13,15,37,51
381913,6,15,26,44,47,52
382013,1,9,27,40,48,58
382113,5,8,20,41,53,58
382213,3,20,22,26,27,33
382313,1,21,29,35,42,55
382413,3,9,20,38,40,58
382513,6,14,23,29,47,53
382613,7,18,28,29,31,42
382713,1,6,23,32,35,57
382813,1,3,20,21,25,33
382913,4,7,12,17,41,46
383013,1,15,39,42,43,45
383113,7,19,27,41,43,56
383213,12,22,34,46,53,55
383313,3,9,28,30,38,49
383413,12,29,32,46,51,52
383513,1,5,17,21,24,30
383613,17,19,25,31,37,40
383713,5,6,8,21,38,40
383813,27,30,37,43,48,49
383913,13,25,26,27,29,50
384013,6,17,29,39,41,46
384113,21,30,31,41,44,52
384213,20,24,27,28,37,54
384313,7,17,33,34,35,45
384413,1,3,5,21,30,38
384513,2,37,42,45,47,57
384613,23,27,33,45,49,55
384713,1,2,41,48,57,58
384813,12,14,31,34,37,43
384913,1,36,43,46,48,52
385013,6,7,22,30,34,43
385113,9,15,30,31,38,52
385213,4,19,24,42,49,53
385313,13,23,28,36,37,46
385413,17,18,27,42,45,48
385513,2,12,37,54,56,57
385613,2,16,21,31,41,46
385713,23,24,30,50,55,56
385813,2,3,9,30,31,32
385913,32,34,40,47,48,49
386013,20,32,39,41,52,53
386113,3,5,15,35,36,44
386213,11,14,18,19,44,51
386313,11,16,27,38,50,54
386413,11,18,21,25,47,58
386513,14,20,27,31,36,48
386613,2,27,31,38,54,55
386713,4,9,23,26,42,47
386813,5,22,35,42,43,56
386913,26,31,33,45,51,56
387013,1,21,25,38,41,52
387113,12,30,32,37,41,47
387213,22,23,35,40,46,56
387313,2,8,15,48,50,54
387413,5,27,41,45,50,54
387513,9,16,23,30,42,47
387613,10,19,21,33,40,57
387713,18,20,23,25,37,45
387813,5,23,24,29,39,43
387913,11,24,33,34,51,58
388013,6,20,23,25,34,44
388113,17,36,37,44,46,47
388213,13,30,42,44,49,52
388313,3,6,25,29,34,48
388413,19,37,40,45,48,49
388513,2,4,10,33,37,54
388613,17,29,34,53,55,57
388713,10,19,42,43,53,56
388813,8,16,20,43,48,54
388913,22,26,38,42,43,49
389013,12,15,20,29,37,52
389113,14,22,24,31,35,55
389213,1,7,9,33,37,48
389313,8,10,12,23,49,54
389413,1,10,25,29,36,50
389513,18,29,32,34,51,52
389613,4,14,25,48,51,58
389713,9,28,32,43,48,50
389813,1,5,6,17,20,23
389913,14,24,30,34,40,54
390013,14,25,32,44,56,57
390113,4,13,14,15,27,57
390213,5,10,14,18,24,55
390313,18,19,36,38,44,58
390413,5,9,15,38,56,57
390513,17,20,29,34,40,48
390613,2,25,26,33,35,36
390713,8,12,15,16,36,48
390813,14,34,37,44,46,52
390913,3,7,15,19,23,52
391013,9,20,21,25,31,50
391113,4,10,24,30,35,45
391213,19,21,40,43,52,58
391313,5,20,44,53,54,57
391413,8,15,19,32,34,37
391513,7,16,34,42,49,53
391613,11,14,23,41,47,49
391713,7,18,23,41,47,56
391813,4,7,14,31,39,51
391913,1,5,7,14,40,44
392013,3,15,21,34,47,56
392113,2,5,16,34,46,55
392213,1,3,5,29,44,48
392313,9,24,33,37,42,48
392413,2,9,11,36,41,57
392513,17,20,38,44,49,54
392613,13,23,41,48,49,57
392713,10,16,43,46,51,57
392813,2,17,30,34,39,57
392913,13,25,27,29,32,37
393013,7,26,38,42,45,52
393113,11,31,42,52,53,58
393213,6,15,16,20,39,57
393313,6,11,24,43,46,55
393413,7,23,32,34,49,51
393513,12,14,15,23,26,41
393613,5,9,12,14,15,16
393713,1,21,36,37,40,44
393813,3,17,21,29,47,55
393913,2,8,19,22,26,32
394013,3,18,20,37,54,58
394113,1,13,24,26,32,44
394213,16,27,36,43,55,56
394313,4,14,15,24,42,49
394413,12,14,19,27,46,47
394513,7,11,12,22,26,28
394613,4,9,13,15,45,58
394713,21,24,32,33,56,58
394813,11,14,26,32,41,56
394913,5,8,12,36,50,57
395013,9,18,30,35,50,54
395113,3,11,15,25,32,58
395213,6,21,35,36,39,48
395313,16,27,31,44,46,54
395413,6,23,26,28,48,57
395513,4,12,23,35,37,44
395613,8,20,28,31,50,52
395713,26,41,43,44,54,58
395813,9,19,30,38,47,57
395913,5,12,21,32,42,51
396013,8,15,22,24,33,58
396113,12,15,22,31,45,57
396213,10,27,28,45,49,52
396313,3,9,30,37,38,50
396413,10,20,36,40,41,57
396513,12,34,42,47,48,52
396613,6,14,19,23,55,56
396713,3,27,28,37,40,42
396813,1,8,22,27,38,40
396913,7,8,16,31,50,56
397013,8,18,19,28,30,31
397113,4,5,15,21,43,51
397213,20,31,41,43,49,50
397313,5,7,17,28,43,54
397413,10,15,16,36,42,55
397513,22,27,33,36,38,56
397613,16,21,34,37,42,50
397713,4,13,25,35,36,43
397813,5,8,15,30,48,54
397913,7,8,25,31,49,53
398013,5,7,12,16,32,44
398113,1,8,9,33,36,45
398213,9,14,24,25,31,56
398313,2,8,33,40,53,58
398413,6,19,20,37,53,55
398513,36,39,47,48,49,58
398613,12,16,27,42,45,54
398713,12,17,24,29,39,51
398813,22,32,35,38,45,51
398913,13,28,40,49,53,56
399013,5,12,21,37,40,56
399113,9,10,11,17,35,57
399213,3,11,19,34,36,53
399314,1,32,38,41,48,52
399414,3,5,21,24,27,41
399514,16,24,33,37,41,45
399614,3,19,20,22,41,47
399714,12,13,14,15,38,45
399814,1,11,37,41,43,48
399914,20,32,35,44,47,48
400014,5,8,20,25,49,50
400114,3,16,21,40,44,54
400214,4,6,10,13,48,56
400314,19,20,25,41,50,54
400414,3,14,22,25,30,50
400514,2,9,28,33,44,54
400614,14,18,21,28,35,47
400714,2,21,24,29,37,55
400814,3,10,13,14,22,25
400914,30,33,39,42,51,52
401014,11,15,30,41,54,55
401114,9,10,11,18,25,58
401214,24,25,32,35,40,56
401314,4,8,10,26,52,58
401414,10,15,22,34,51,53
401514,18,19,34,36,44,48
401614,1,8,27,42,43,45
401714,1,5,18,19,25,55
401814,9,15,23,42,46,55
401914,2,10,17,26,37,38
402014,2,11,16,34,43,57
402114,7,8,11,34,57,58
402214,11,17,22,30,35,38
402314,2,8,31,35,42,52
402414,8,9,19,31,34,42
402514,9,14,24,29,36,44
402614,10,14,15,16,40,43
402714,8,16,21,29,37,53
402814,1,8,10,31,34,37
402914,4,24,32,36,42,55
403014,10,24,31,50,56,57
403114,6,16,18,32,33,55
403214,9,11,16,20,43,44
403314,17,20,24,27,33,52
403414,6,15,26,34,37,43
403514,8,10,20,28,53,58
403614,3,22,28,31,40,55
403714,27,32,33,37,39,47
403814,4,32,44,49,52,55
403914,11,16,20,43,46,54
404014,1,6,20,26,50,53
404114,10,32,36,43,47,56
404214,6,14,42,45,50,58
404314,22,25,38,45,49,51
404414,8,9,21,26,31,37
404514,10,14,21,32,52,57
404614,15,26,32,40,47,54
404714,5,12,38,54,55,58
404814,1,4,6,11,25,30
404914,8,14,22,45,46,52
405014,14,17,27,31,37,43
405114,20,23,32,35,40,41
405214,7,10,16,36,51,57
405314,3,27,29,39,40,54
405414,1,8,16,35,41,43
405514,3,5,12,29,35,40
405614,4,7,18,32,40,41
405714,3,11,16,25,38,56
405814,17,23,38,42,43,49
405914,6,13,23,37,46,51
406014,10,25,39,45,52,55
406114,3,10,35,38,53,54
406214,13,24,42,49,53,55
406314,8,29,37,39,45,48
406414,16,20,22,24,28,34
406514,1,2,5,18,21,41
406614,20,23,27,50,55,56
406714,4,18,19,42,43,53
406814,6,12,16,28,37,42
406914,7,9,21,35,44,52
407014,8,16,18,29,37,40
407114,14,16,20,44,57,58
407214,1,24,30,36,47,49
407314,28,30,31,35,36,47
407414,17,19,20,32,50,53
407514,5,7,15,22,31,55
407614,12,26,31,41,51,52
407714,3,6,21,39,52,54
407814,7,19,20,26,37,54
407914,5,9,17,28,32,48
408014,21,24,26,30,45,57
408114,15,42,49,54,55,56
408214,4,9,10,11,49,52
408314,22,23,30,31,41,43
408414,10,19,27,29,34,48
408514,1,7,15,29,36,37
408614,12,21,25,37,39,58
408714,12,26,35,37,39,46
408814,1,20,25,26,42,44
408914,11,20,29,39,49,58
409014,2,15,35,44,53,54
409114,19,29,37,46,51,54
409214,15,22,23,29,34,44
409314,6,15,16,31,38,44
409414,4,6,29,33,36,45
409514,25,32,44,52,54,58
409614,10,13,26,40,47,53
409714,2,7,10,22,38,54
409814,9,12,18,19,20,51
409914,24,30,36,45,52,56
410014,10,18,30,50,56,57
410114,4,7,24,34,40,48
410214,1,15,42,44,49,54
410314,14,25,28,42,48,55
410414,21,34,36,47,50,53
410514,9,17,21,30,39,42
410614,29,30,36,42,46,53
410714,8,11,13,31,33,54
410814,11,24,31,38,40,53
410914,12,13,15,24,29,31
411014,2,20,45,49,54,55
411114,15,17,19,39,51,52
411214,5,22,24,26,42,46
411314,1,8,34,39,46,55
411414,4,15,39,44,51,57
411514,1,3,13,30,44,58
411614,5,21,23,33,42,55
411714,2,5,7,21,44,48
411814,12,14,15,21,36,47
411914,1,2,14,33,37,46
412014,19,23,31,33,51,54
412114,3,4,10,13,46,57
412214,1,15,25,37,48,56
412314,2,19,31,39,46,49
412414,2,3,26,35,45,48
412514,2,6,11,17,47,49
412614,3,16,24,40,43,44
412714,3,12,16,38,47,52
412814,4,6,13,14,26,55
412914,4,11,15,28,39,57
413014,2,18,27,29,47,57
413114,20,22,27,30,49,54
413214,20,23,28,39,41,47
413314,1,17,21,24,48,54
413414,6,15,44,45,54,58
413514,3,6,9,36,52,53
413614,13,16,20,22,29,40
413714,2,6,10,16,24,54
413814,36,37,44,46,55,58
413914,12,17,20,26,36,46
414014,8,10,11,36,39,44
414114,5,15,30,34,39,51
414214,1,4,6,36,38,44
414314,12,14,19,28,29,32
414414,7,10,19,28,41,42
414514,13,17,20,33,34,39
414614,5,6,21,27,33,51
414714,17,24,31,37,43,53
414814,14,22,27,32,34,58
414914,20,27,32,39,54,57
415014,9,13,21,24,36,53
415114,11,12,21,33,47,50
415214,15,17,18,49,52,58
415314,17,18,24,42,47,50
415414,6,10,42,46,49,54
415514,4,15,17,27,29,44
415614,1,35,40,42,47,49
415714,12,14,20,31,38,47
415814,22,31,38,42,45,50
415914,7,22,23,46,49,57
416014,3,18,20,23,39,54
416114,12,17,24,34,36,58
416214,2,12,29,31,34,55
416314,7,23,30,32,49,55
416414,8,24,26,32,46,48
416514,9,14,18,34,46,53
416614,2,11,22,44,49,54
416714,1,9,15,17,50,53
416814,1,8,16,20,38,39
416914,11,19,24,30,37,41
417014,11,23,25,46,49,54
417114,4,12,25,38,40,49
417215,6,14,31,32,40,54
417315,6,12,14,18,33,57
417415,2,6,22,36,46,55
417515,3,9,27,42,43,56
417615,10,12,33,40,45,46
417715,6,12,23,46,48,56
417815,6,8,26,45,47,51
417915,8,10,12,34,47,49
418015,6,9,12,13,20,26
418115,24,42,44,48,53,55
418215,5,10,21,23,29,54
418315,12,13,15,22,24,46
418415,14,16,17,24,39,57
418515,4,5,15,18,24,25
418615,2,12,36,45,53,58
418715,12,24,25,51,52,57
418815,9,15,18,38,52,57
418915,7,19,37,41,47,58
419015,12,18,20,27,42,47
419115,14,19,30,45,50,57
419215,8,17,20,31,52,54
419315,9,13,21,28,29,34
419415,25,35,39,43,45,48
419515,21,27,30,42,52,57
419615,10,13,36,40,50,56
419715,5,19,21,51,54,55
419815,1,22,29,47,55,56
419915,8,13,14,17,31,54
420015,3,7,24,26,33,51
420115,19,28,38,43,53,55
420215,14,30,41,49,54,58
420315,18,22,36,48,54,55
420415,4,7,9,20,30,39
420515,6,21,26,35,41,42
420615,2,9,24,31,49,53
420715,18,19,27,32,36,39
420815,5,10,19,24,26,33
420915,7,12,13,24,32,57
421015,14,16,18,32,48,54
421115,6,22,33,34,39,45
421215,6,23,42,43,45,56
421315,10,15,26,41,53,55
421415,13,14,15,32,47,54
421515,2,19,24,27,39,49
421615,1,4,10,21,48,54
421715,12,14,22,27,31,46
421815,32,33,39,41,54,56
421915,5,7,11,38,44,51
422015,8,20,24,32,33,54
422115,14,20,31,40,50,56
422215,8,35,38,48,49,58
422315,7,14,40,41,48,53
422415,6,13,18,24,35,50
422515,1,42,48,53,57,58
422615,9,36,40,44,50,57
422715,7,12,16,24,31,58
422815,9,11,25,26,29,45
422915,16,26,28,37,43,56
423015,26,33,34,38,44,51
423115,4,5,6,29,32,44
423215,2,9,32,41,47,56
423315,18,20,22,38,47,58
423415,3,13,24,27,28,31
423515,6,25,26,41,49,52
423615,19,29,32,35,43,48
423715,20,35,36,39,45,53
423815,2,4,28,36,52,53
423915,9,29,30,31,37,42
424015,21,24,25,28,31,51
424115,11,14,15,31,56,58
424215,25,42,44,48,50,54
424315,2,19,25,53,57,58
424415,3,4,23,33,35,58
424515,15,17,19,27,36,46
424615,6,19,25,39,46,58
424715,7,11,21,25,35,39
424815,5,26,31,40,44,57
424915,5,16,23,28,55,57
425015,39,40,41,45,56,58
425115,14,18,31,39,44,52
425215,3,7,19,30,42,49
425315,1,11,22,31,36,40
425415,8,13,20,31,35,44
425515,17,27,36,43,46,47
425615,2,4,11,31,45,53
425715,27,32,38,44,56,58
425815,1,5,25,49,51,54
425915,29,46,47,48,54,57
426015,3,8,24,25,26,41
426115,2,7,16,23,48,54
426215,22,25,26,46,51,52
426315,8,9,21,30,35,56
426415,27,30,42,51,54,58
426515,1,7,9,20,27,57
426615,11,20,27,37,46,48
426715,2,10,19,30,32,38
426815,3,4,12,49,50,53
426915,4,25,29,47,54,55
427015,9,15,29,34,51,56
427115,8,10,12,27,29,38
427215,1,14,23,25,30,48
427315,1,12,16,24,52,53
427415,2,32,33,40,46,55
427515,1,17,21,25,33,46
427615,28,32,45,50,54,57
427715,7,11,14,19,47,51
427815,3,10,22,23,29,46
427915,7,8,18,40,43,56
428015,8,17,21,30,32,41
428115,6,25,30,32,34,43
428215,1,7,12,28,35,40
428315,16,19,21,23,25,57
428415,27,30,34,39,47,48
428515,8,31,32,33,43,49
428615,6,8,12,39,49,58
428715,26,37,44,45,47,48
428815,6,12,15,34,37,44
428915,1,4,9,15,56,57
429015,7,9,20,30,37,38
429115,12,14,46,51,52,57
429215,5,24,30,39,45,48
429315,1,15,18,23,24,57
429415,2,3,34,41,49,57
429515,11,20,29,35,37,39
429615,1,35,40,46,52,54
429715,1,9,23,32,44,55
429815,1,24,37,44,49,57
429915,6,13,22,44,45,55
430015,12,13,14,26,27,39
430115,5,20,22,28,38,57
430215,3,4,5,36,44,46
430315,9,28,29,34,37,38
430415,8,10,24,30,36,44
430515,6,12,20,39,50,55
430615,19,25,33,49,55,57
430715,21,37,38,40,43,54
430815,11,15,29,49,52,55
430915,4,5,11,38,51,56
431015,24,45,46,51,54,55
431115,10,22,27,38,43,53
431215,27,28,41,43,44,56
431315,14,18,31,41,44,57
431415,8,13,14,27,30,45
431515,1,8,23,44,45,54
431615,15,17,20,43,54,58
431715,1,4,33,35,37,54
431815,31,32,36,43,48,58
431915,3,13,22,40,44,47
432015,3,15,37,50,55,56
432115,3,15,17,23,25,27
432215,5,24,32,38,49,53
432315,27,29,34,41,50,52
432415,33,47,49,53,56,57
432515,6,14,18,35,50,54
432615,21,27,39,50,51,53
432715,5,9,14,41,44,55
432815,1,7,12,29,34,41
432915,9,12,37,41,45,47
433015,5,26,28,46,51,53
433115,4,6,24,27,43,49
433215,15,24,27,41,48,58
433315,3,11,18,35,47,56
433415,27,41,48,49,51,58
433515,22,33,40,50,54,56
433615,20,21,24,45,49,52
433715,35,38,41,42,43,52
433815,6,23,24,32,34,57
433915,6,18,46,47,56,58
434015,7,16,22,48,53,56
434115,4,12,17,38,39,41
434215,1,19,32,38,51,58
434315,15,16,25,26,40,57
434415,4,11,26,33,46,47
434515,10,21,25,30,45,46
434615,8,23,31,32,42,45
434715,13,15,20,23,52,57
434815,5,12,21,30,31,46
434915,6,7,31,50,52,55
435016,1,21,29,34,57,58
435116,5,26,27,28,33,51
435216,19,20,23,25,29,54
435316,7,13,16,19,26,42
435416,13,16,25,32,33,47
435516,1,11,14,32,45,55
435616,14,29,39,43,45,47
435716,7,10,24,36,37,45
435816,14,15,17,34,51,55
435916,4,5,40,46,52,55
436016,3,4,25,28,31,57
436116,2,16,33,44,54,56
436216,16,35,36,37,47,53
436316,4,7,10,14,29,34
436416,1,10,12,34,36,49
436516,3,5,26,28,47,50
436616,2,6,9,21,26,29
436716,17,20,25,43,48,52
436816,27,33,36,50,51,57
436916,37,43,44,48,53,55
437016,13,27,31,40,46,55
437116,7,13,16,23,28,29
437216,10,11,24,25,34,44
437316,8,15,31,36,55,56
437416,3,6,13,31,52,54
437516,3,10,21,27,42,50
437616,20,32,39,43,53,58
437716,19,29,39,48,55,58
437816,8,16,27,33,48,57
437916,14,19,30,33,44,52
438016,3,11,15,26,34,37
438116,12,14,15,24,30,44
438216,8,19,25,26,31,35
438316,10,19,26,42,44,45
438416,17,18,32,42,49,52
438516,4,11,33,39,43,44
438616,11,25,28,40,42,45
438716,5,8,35,36,46,47
438816,12,13,16,21,27,50
438916,11,29,45,49,51,52
439016,17,22,29,32,38,46
439116,14,20,21,36,47,58
439216,4,7,20,22,23,26
439316,17,22,26,29,44,50
439416,16,32,33,39,44,54
439516,3,5,11,14,23,56
439616,1,6,17,29,31,34
439716,9,10,32,33,46,58
439816,6,9,17,18,28,53
439916,2,10,37,45,52,54
440016,3,4,27,40,44,51
440116,5,19,31,39,42,44
440216,2,20,24,34,41,51
440316,17,25,31,34,37,52
440416,2,4,6,13,23,33
440516,4,10,11,17,33,44
440616,5,28,34,51,54,55
440716,11,23,27,29,37,55
440816,12,15,16,35,36,46
440916,5,8,15,36,40,52
441016,4,12,29,36,40,51
441116,1,9,10,13,26,31
441216,5,14,24,33,46,57
441316,15,19,36,40,41,51
441416,10,28,31,32,41,52
441516,11,35,37,42,43,56
441616,1,35,36,38,42,58
441716,6,11,21,24,29,56
441816,10,37,44,46,54,56
441916,11,14,33,40,47,53
442016,4,6,8,15,18,34
442116,4,16,49,51,55,56
442216,1,13,28,41,46,54
442316,10,17,19,46,50,52
442416,2,3,9,25,45,53
442516,27,29,30,41,42,53
442616,1,10,11,38,48,54
442716,2,10,15,34,46,54
442816,24,31,47,49,53,58
442916,2,5,11,15,42,46
443016,5,7,39,43,52,57
443116,10,17,19,20,40,42
443216,8,30,36,47,50,52
443316,2,14,33,39,42,52
443416,10,12,23,37,46,55
443516,2,6,9,34,36,51
443616,4,10,11,12,42,48
443716,3,5,13,44,53,54
443816,12,21,27,41,54,55
443916,11,12,30,35,37,51
444016,2,8,14,28,44,49
444116,1,2,4,6,40,46
444216,8,19,26,33,41,43
444316,1,15,33,42,49,53
444416,2,17,19,33,47,56
444516,12,19,21,26,40,57
444616,10,29,36,38,47,49
444716,19,31,36,41,43,49
444816,36,40,45,52,54,58
444916,1,2,10,20,37,57
445016,6,25,29,36,48,58
445116,1,20,23,28,53,58
445216,2,5,12,35,36,41
445316,1,13,18,19,45,53
445416,1,12,37,47,50,52
445516,8,18,19,25,29,33
445616,5,19,33,44,50,57
445716,19,21,22,34,41,56
445816,4,7,11,14,16,44
445916,9,10,25,31,34,55
446016,22,30,37,41,46,48
446116,7,9,10,11,39,50
446216,11,13,16,17,27,46
446316,7,23,28,39,43,58
446416,2,16,26,32,49,58
446516,5,11,16,18,19,34
446616,9,15,16,33,45,49
446716,7,13,16,32,42,53
446816,5,6,21,36,37,43
446916,12,22,25,26,29,39
447016,6,11,13,19,53,58
447116,3,17,30,31,34,36
447216,12,22,24,38,43,48
447316,3,12,18,19,46,51
447416,16,23,31,39,43,55
447516,14,18,24,41,43,45
447616,11,14,34,40,42,51
447716,6,18,21,31,48,54
447816,3,10,16,17,20,25
447916,12,21,22,39,41,54
448016,30,42,43,46,52,58
448116,1,14,35,36,42,50
448216,10,14,15,23,28,47
448316,5,7,16,27,39,58
448416,4,11,14,25,41,51
448516,14,16,26,35,48,49
448616,4,27,28,39,53,58
448716,4,11,12,14,26,31
448816,17,21,23,27,31,37
448916,10,16,30,31,34,46
449016,11,12,16,19,35,41
449116,9,28,46,47,52,54
449216,29,33,37,46,50,54
449316,13,27,28,31,32,58
449416,4,36,39,40,44,47
449516,28,31,35,50,52,58
449616,3,4,12,13,44,51
449716,11,18,26,37,55,58
449816,15,22,28,40,43,52
449916,23,35,40,41,42,48
450016,12,16,35,41,46,48
450116,7,11,15,22,56,57
450216,2,21,39,45,52,57
450316,14,21,38,42,50,56
450416,1,17,23,26,36,55
450516,1,10,21,27,51,57
450616,19,30,40,44,45,50
450716,12,22,34,36,39,50
450816,9,13,24,26,36,53
450916,22,34,40,42,48,52
451016,21,27,30,45,54,58
451116,1,18,27,44,45,46
451216,1,6,15,18,26,27
451316,19,25,28,36,44,49
451416,5,19,23,37,42,55
451516,7,10,34,38,50,52
451616,11,12,17,19,41,53
451716,14,20,37,50,51,52
451816,7,10,12,15,28,57
451916,8,17,21,25,35,50
452016,1,6,26,35,38,43
452116,2,14,22,27,51,52
452216,6,11,17,25,36,52
452316,25,27,33,38,40,50
452416,2,25,33,48,52,57
452516,2,28,37,39,49,50
452616,3,8,26,29,32,36
452716,15,28,32,46,55,56
452816,2,3,9,14,16,23
452917,2,7,14,16,24,45
453017,11,14,25,46,54,58
453117,19,20,23,50,53,54
453217,3,6,19,34,36,47
453317,1,24,26,28,32,53
453417,11,12,15,23,29,51
453517,1,22,36,43,54,58
453617,38,39,45,46,52,58
453717,23,33,48,49,51,58
453817,1,5,8,32,37,49
453917,4,29,37,45,46,50
454017,6,10,29,34,45,52
454117,1,25,26,39,52,55
454217,8,24,33,36,54,56
454317,4,16,26,28,30,31
454417,3,7,11,27,32,57
454517,7,10,17,28,51,57
454617,3,4,18,38,44,52
454717,8,17,33,35,38,55
454817,1,5,16,20,27,54
454917,4,15,18,38,47,53
455017,7,20,41,47,51,58
455117,33,38,39,47,48,53
455217,30,32,50,52,53,55
455317,19,20,21,34,48,57
455417,17,21,36,42,46,51
455517,1,3,22,25,31,53
455617,12,22,32,33,51,53
455717,1,8,10,38,41,55
455817,2,26,27,32,53,54
455917,1,5,13,14,39,51
456017,7,14,34,47,52,55
456117,2,17,36,41,44,51
456217,12,14,15,34,39,49
456317,13,27,29,37,40,55
456417,8,11,13,25,26,35
456517,10,14,19,26,43,45
456617,4,26,27,43,45,56
456717,20,28,41,45,51,53
456817,4,5,13,20,55,56
456917,20,23,25,45,48,57
457017,13,23,25,26,53,58
457117,14,34,45,46,54,55
457217,14,20,33,40,42,51
457317,10,12,21,38,51,55
457417,7,12,20,26,36,51
457517,5,36,40,50,52,53
457617,5,18,20,26,36,49
457717,1,26,27,32,39,58
457817,7,8,14,33,49,58
457917,5,18,21,26,40,44
458017,1,11,24,35,42,49
458117,12,14,16,46,48,57
458217,9,11,25,35,39,51
458317,8,22,23,24,32,58
458417,3,6,7,20,31,41
458517,5,6,26,28,30,49
458617,1,24,26,28,41,53
458717,1,3,4,38,46,50
458817,11,15,32,35,39,41
458917,2,9,22,34,40,47
459017,1,8,16,19,24,36
459117,15,17,21,30,42,47
459217,6,24,27,28,34,48
459317,26,29,31,53,56,58
459417,8,15,16,25,31,35
459517,1,4,10,20,26,41
459617,4,8,29,35,47,52
459717,18,20,30,42,44,47
459817,9,13,45,53,54,55
459917,12,14,20,47,53,57
460017,5,30,36,42,48,51
460117,12,21,37,38,47,54
460217,27,34,37,41,52,53
460317,13,21,29,43,46,58
460417,13,18,22,34,43,46
460517,3,5,18,28,37,58
460617,12,13,22,24,47,57
460717,1,9,16,41,57,58
460817,5,7,9,23,33,35
460917,4,14,45,49,51,54
461017,3,13,14,22,33,58
461117,11,12,16,37,38,51
461217,3,9,20,52,56,58
461317,21,30,46,48,50,53
461417,7,30,36,39,42,44
461517,2,5,23,29,54,56
461617,19,33,44,48,51,53
461717,24,32,37,40,56,58
461817,4,31,36,42,50,56
461917,2,3,5,9,31,39
462017,16,19,23,43,47,50
462117,14,19,20,25,30,41
462217,5,7,14,17,42,43
462317,11,17,27,30,36,58
462417,1,7,8,14,27,44
462517,9,11,18,32,33,49
462617,17,22,27,29,52,56
462717,1,16,21,22,49,57
462817,20,32,33,50,54,57
462917,20,21,33,45,55,57
463017,7,16,18,25,27,50
463117,4,11,17,36,41,44
463217,10,13,14,29,36,54
463317,12,19,23,26,27,56
463417,14,33,37,42,53,56
463517,7,21,26,47,50,54
463617,10,12,15,23,43,49
463717,11,23,27,34,53,54
463817,11,12,30,35,45,47
463917,3,10,20,56,57,58
464017,1,6,28,38,46,57
464117,2,4,6,9,56,57
464217,3,4,11,22,28,56
464317,9,11,12,14,31,53
464417,9,10,14,28,30,55
464517,20,25,27,34,41,46
464617,19,21,32,33,34,55
464717,3,6,22,27,33,39
464817,4,6,11,36,48,50
464917,1,14,15,18,35,43
465017,7,20,32,38,45,49
465117,3,7,12,23,25,46
465217,3,10,27,29,32,48
465317,6,29,31,46,53,58
465417,37,42,44,45,46,54
465517,10,30,33,36,44,45
465617,2,6,13,26,41,48
465717,1,13,33,39,48,54
465817,14,27,28,33,46,47
465917,5,14,24,34,52,53
466017,4,15,18,19,26,57
466117,2,14,20,35,41,45
466217,11,20,29,40,43,57
466317,15,18,29,44,55,58
466417,11,25,27,41,42,49
466517,5,7,26,34,46,50
466617,1,6,15,19,37,40
466717,16,33,38,53,55,57
466817,7,40,44,45,48,57
466917,1,6,9,39,42,58
467017,6,9,27,40,41,50
467117,5,10,31,36,46,53
467217,8,30,32,34,37,39
467317,13,22,24,32,36,39
467417,4,13,19,21,33,58
467517,1,3,6,18,22,52
467617,11,16,18,24,50,58
467717,13,15,16,21,38,47
467817,4,37,50,56,57,58
467917,19,20,42,43,47,53
468017,5,7,17,28,34,37
468117,2,7,17,37,44,55
468217,6,9,13,37,42,54
468317,1,4,6,20,33,41
468417,4,8,29,31,37,44
468517,7,15,16,20,32,52
468617,11,12,20,30,32,49
468717,3,5,30,32,45,55
468817,6,7,17,28,39,58
468917,5,9,29,38,42,52
469017,4,8,40,42,55,56
469117,1,36,42,45,55,58
469217,16,18,24,31,44,54
469317,5,18,21,28,37,49
469417,24,26,28,30,40,54
469517,1,5,10,22,39,45
469617,4,7,9,34,35,53
469717,10,15,23,28,50,53
469817,20,21,23,29,49,56
469917,12,29,31,34,35,39
470017,7,10,14,15,16,26
470117,21,25,27,33,37,46
470217,8,11,13,19,21,24
470317,6,14,16,33,46,58
470417,3,8,21,22,27,57
470517,4,19,21,30,32,46
470617,10,12,41,42,45,51
470717,7,9,27,30,34,54
470818,7,8,24,38,39,54
470918,2,7,26,28,29,30
471018,15,21,44,47,51,55
471118,11,20,38,52,53,55
471218,21,30,41,43,52,58
471318,5,11,15,27,53,58
471418,6,42,44,46,53,57
471518,3,11,37,44,45,47
471618,9,34,36,52,53,55
471718,10,19,29,34,35,54
471818,3,19,20,27,51,58
471918,3,11,16,45,54,58
472018,7,10,22,49,57,58
472118,2,16,30,37,45,54
472218,25,27,36,41,42,58
472318,4,20,35,42,46,58
472418,2,8,23,34,48,58
472518,18,21,26,27,48,52
472618,11,17,18,37,46,54
472718,10,16,22,26,32,42
472818,7,17,20,24,25,31
472918,4,27,44,46,51,55
473018,7,8,15,23,31,36
473118,8,9,14,29,35,48
473218,3,28,33,47,49,53
473318,10,41,42,47,48,57
473418,13,27,34,39,41,45
473518,3,12,26,27,52,58
473618,3,11,31,36,39,46
473718,2,10,17,38,49,50
473818,2,26,30,31,36,49
473918,3,7,20,23,28,58
474018,1,16,37,40,42,45
474118,4,9,34,37,43,49
474218,1,2,8,14,47,52
474318,10,13,21,33,38,54
474418,3,6,26,29,46,55
474518,8,14,17,20,22,28
474618,16,24,25,28,57,58
474718,30,33,41,44,45,52
474818,2,10,16,21,36,39
474918,8,23,26,45,47,56
475018,27,30,33,41,43,48
475118,13,22,31,45,49,50
475218,2,11,35,37,44,56
475318,3,20,25,34,39,47
475418,8,18,32,42,43,48
475518,5,20,26,28,43,46
475618,6,7,11,32,36,42
475718,3,13,15,38,41,54
475818,11,16,25,28,29,32
475918,10,26,27,48,56,57
476018,15,24,40,42,46,55
476118,7,13,34,36,40,47
476218,12,14,17,23,37,44
476318,21,23,38,44,45,57
476418,8,10,24,32,44,57
476518,9,14,23,26,41,46
476618,6,14,20,23,33,57
476718,6,26,30,51,53,54
476818,7,16,25,34,47,57
476918,7,15,28,39,42,47
477018,1,21,23,33,49,50
477118,12,14,24,36,47,54
477218,1,5,12,13,26,29
477318,2,5,8,9,12,15
477418,1,16,17,21,27,36
477518,14,39,40,49,54,57
477618,11,25,36,48,49,54
477718,24,25,30,31,32,54
477818,4,19,25,28,31,38
477918,5,10,14,26,50,53
478018,14,15,19,22,27,39
478118,17,26,27,40,43,50
478218,6,12,35,37,40,49
478318,12,16,17,18,19,49
478418,3,33,38,39,40,51
478518,6,26,29,51,52,56
478618,24,32,37,40,42,49
478718,5,12,14,40,48,53
478818,10,16,24,39,42,50
478918,6,10,17,18,52,54
479018,9,24,32,42,43,57
479118,16,20,38,40,43,55
479218,4,13,15,18,48,56
479318,1,26,31,39,40,52
479418,2,9,33,39,46,57
479518,5,8,24,34,46,54
479618,3,20,29,30,46,54
479718,11,27,37,38,44,51
479818,7,12,20,33,40,53
479918,11,24,31,35,37,44
480018,19,23,29,30,35,51
480118,21,38,39,53,54,56
480218,2,17,19,26,29,56
480318,11,15,18,46,53,58
480418,10,35,45,51,57,58
480518,12,23,28,40,43,56
480618,2,10,31,33,43,47
480718,8,18,28,32,37,43
480818,1,14,21,34,42,52
480918,6,7,20,27,37,38
481018,11,28,32,44,45,52
481118,4,15,23,27,33,37
481218,10,19,20,24,35,41
481318,14,33,34,40,48,58
481418,8,19,30,42,43,54
481518,10,15,17,40,52,57
481618,12,18,30,32,42,50
481718,2,12,14,19,23,25
481818,6,22,27,34,40,50
481918,2,3,6,18,25,45
482018,6,8,10,18,20,38
482118,8,14,26,28,37,49
482218,11,16,24,40,46,54
482318,1,25,32,33,46,52
482418,18,24,25,28,32,33
482518,11,12,43,46,50,58
482618,20,32,43,48,54,55
482718,1,3,7,20,35,58
482818,11,26,31,36,41,52
482918,7,17,26,30,38,40
483018,3,14,17,23,37,38
483118,1,6,14,31,37,43
483218,8,10,20,31,32,41
483318,11,33,43,45,50,57
483418,6,13,29,37,45,46
483518,29,31,39,42,51,53
483618,18,19,28,53,56,58
483718,10,15,18,23,25,52
483818,12,17,26,29,34,37
483918,14,22,36,38,43,45
484018,5,6,7,26,38,57
484118,3,10,13,25,48,49
484218,16,26,30,42,47,49
484318,8,10,28,31,46,47
484418,7,8,15,17,32,43
484518,1,12,29,36,39,42
484618,3,22,27,37,40,54
484718,18,19,34,46,48,57
484818,4,11,20,23,48,55
484918,12,13,19,25,26,39
485018,2,38,44,47,53,57
485118,19,30,35,36,38,49
485218,5,6,32,33,48,53
485318,29,34,35,38,43,49
485418,3,17,26,41,45,46
485518,5,7,34,42,45,55
485618,6,19,25,28,45,49
485718,2,3,14,20,36,57
485818,3,29,30,47,51,52
485918,8,21,29,30,40,48
486018,2,8,12,13,22,57
486118,2,17,24,48,50,56
486218,1,2,8,22,45,54
486318,3,7,10,29,55,58
486418,8,23,24,48,51,58
486518,4,15,18,26,34,47
486618,2,3,25,29,40,50
486718,3,5,30,36,40,55
486818,11,23,26,43,46,52
486918,16,17,25,30,41,54
487018,5,12,32,35,36,45
487118,3,18,37,39,40,49
487218,3,4,5,15,20,23
487318,1,12,26,37,39,50
487418,4,17,25,35,41,58
487518,3,19,36,45,55,56
487618,6,8,13,34,48,55
487718,20,22,37,47,55,56
487818,1,8,12,17,21,25
487918,11,14,38,40,42,43
488018,11,18,25,28,50,52
488118,23,26,36,41,42,53
488218,12,24,30,32,46,48
488318,20,26,29,33,46,47
488418,1,16,34,38,48,58
488518,4,12,17,24,26,39
488619,2,3,19,23,30,49
488719,2,9,24,29,38,45
488819,11,47,49,51,53,55
488919,5,29,30,53,55,57
489019,1,7,29,31,40,51
489119,13,27,30,40,43,51
489219,5,15,18,19,28,53
489319,2,6,23,27,31,43
489419,1,23,25,28,43,49
489519,9,19,24,29,56,57
489619,17,32,33,36,50,53
489719,7,11,18,25,39,58
489819,3,4,41,43,44,52
489919,2,6,16,23,27,32
490019,1,3,13,19,35,58
490119,4,5,6,29,45,55
490219,1,4,5,13,24,56
490319,10,22,35,36,45,58
490419,7,14,16,29,45,57
490519,5,9,13,25,38,40
490619,16,18,22,40,44,54
490719,2,7,12,37,52,56
490819,6,9,13,21,37,43
490919,14,19,38,45,53,55
491019,8,26,42,45,49,53
491119,6,24,27,29,30,43
491219,16,29,31,43,52,54
491319,2,14,16,19,21,37
491419,9,22,24,28,50,58
491519,1,2,19,29,43,54
491619,4,16,19,32,39,50
491719,1,9,15,17,46,48
491819,8,16,27,28,52,55
491919,16,20,30,41,53,58
492019,11,12,19,27,31,36
492119,6,13,14,32,44,50
492219,13,17,33,38,48,58
492319,10,16,22,24,33,49
492419,4,6,18,28,38,58
492519,19,27,42,43,44,48
492619,16,37,38,42,50,53
492719,4,16,18,31,32,44
492819,2,7,38,44,52,55
492919,4,19,27,29,41,47
493019,7,20,33,39,49,57
493119,7,9,11,17,19,25
493219,24,26,27,29,40,50
493319,7,8,14,22,35,58
493419,16,36,47,48,49,50
493519,5,16,22,23,34,52
493619,20,22,24,28,36,57
493719,5,12,14,37,46,53
493819,2,12,13,22,41,56
493919,7,15,18,45,47,55
494019,26,35,36,43,46,54
494119,17,28,30,47,54,55
494219,30,47,48,53,54,57
494319,3,29,36,45,53,55
494419,13,15,18,23,43,52
494519,11,19,21,33,35,58
494619,3,18,40,44,53,58
494719,19,20,25,26,28,52
494819,7,10,14,19,37,54
494919,3,18,31,33,37,44
495019,1,4,18,24,47,50
495119,1,8,11,12,27,53
495219,1,3,15,18,40,46
495319,12,14,29,31,54,55
495419,20,34,39,43,57,58
495519,13,22,27,37,46,53
495619,4,8,14,34,37,48
495719,1,4,8,24,42,45
495819,1,22,24,54,57,58
495919,18,33,35,46,52,58
496019,5,10,17,29,35,41
496119,8,11,36,42,48,51
496219,20,22,25,33,46,53
496319,14,22,27,34,54,56
496419,1,11,27,33,46,52
496519,7,13,14,17,21,56
496619,12,13,15,23,31,58
496719,9,22,28,31,47,54
496819,8,10,22,44,45,51
496919,5,6,13,15,22,24
497019,11,15,27,31,45,58
497119,11,15,20,29,31,41
497219,6,12,15,37,54,55
497319,6,35,40,42,43,45
497419,1,18,35,42,43,58
497519,5,27,30,34,36,49
497619,14,23,31,33,38,45
497719,8,21,28,43,49,58
497819,8,18,32,50,54,55
497919,14,17,24,30,39,46
498019,6,8,22,23,35,41
498119,12,17,23,40,48,52
498219,25,34,35,47,57,58
498319,5,11,16,24,25,43
498419,2,6,13,46,47,51
498519,7,14,24,25,46,49
498619,19,22,27,31,45,50
498719,7,15,22,25,28,50
498819,29,30,46,50,52,54
498919,22,29,34,35,38,53
499019,2,12,14,17,46,48
499119,7,10,18,26,30,51
499219,1,9,12,17,28,38
499319,2,17,21,37,40,55
499419,16,38,46,47,48,50
499519,25,41,44,47,48,56
499619,28,36,39,46,52,56
499719,8,11,19,27,47,55
499819,1,19,24,35,42,49
499919,11,21,29,30,35,41
500019,7,15,31,45,46,58
500119,2,16,19,33,39,58
500219,3,8,19,23,30,51
500319,3,4,7,44,49,52
500419,17,20,23,36,53,58
500519,4,5,37,41,54,58
500619,4,5,17,23,31,34
500719,3,5,6,19,22,35
500819,3,9,17,30,43,47
500919,3,4,14,26,50,57
501019,2,7,25,34,36,50
501119,4,12,13,35,39,54
501219,16,17,19,28,54,55
501319,6,17,21,37,50,52
501419,21,27,38,39,41,46
501519,4,28,40,43,44,58
501619,13,15,36,40,49,57
501719,9,15,21,26,27,53
501819,4,9,13,17,47,58
501919,24,29,33,46,55,57
502019,13,34,38,42,47,48
502119,12,20,30,34,50,51
502219,17,28,29,33,44,53
502319,20,28,46,47,55,57
502419,9,28,30,45,49,53
502519,11,15,22,34,37,57
502619,10,30,42,43,48,58
502719,3,17,32,36,43,49
502819,2,5,6,22,27,29
502919,19,27,34,40,42,55
503019,2,7,11,13,20,42
503119,3,44,45,47,53,56
503219,4,9,17,21,48,50
503319,28,30,33,49,51,52
503419,7,20,25,38,43,56
503519,3,10,17,41,46,47
503619,11,13,50,51,54,55
503719,17,30,39,47,51,52
503819,9,10,17,34,40,51
503919,3,9,17,26,34,50
504019,17,20,21,36,41,50
504119,5,11,21,33,48,57
504219,14,32,37,38,42,56
504319,8,18,31,41,42,48
504419,18,39,40,44,45,49
504519,12,14,31,35,47,57
504619,2,13,25,34,42,48
504719,7,23,25,28,33,56
504819,2,22,26,42,49,55
504919,5,7,27,31,52,57
505019,7,10,11,13,23,45
505119,26,33,36,40,49,52
505219,17,23,27,37,46,51
505320,9,18,48,50,53,57
505420,16,17,34,35,44,52
505520,16,23,25,32,45,57
505620,3,17,36,45,49,50
505720,3,10,11,26,38,53
505820,7,12,31,41,47,49
505920,9,12,17,20,27,28
506020,14,22,25,43,53,54
506120,5,7,32,42,43,58
506220,12,18,44,47,50,54
506320,1,18,26,34,47,55
506420,1,27,29,35,40,50
506520,2,5,11,16,28,36
506620,1,7,18,20,27,34
506720,22,25,38,39,40,53
506820,5,9,15,29,35,51
506920,13,19,24,37,40,42
507020,25,33,44,50,53,56
507120,19,27,34,36,40,52
507220,15,29,31,52,54,58
507320,4,8,11,15,46,47
507420,2,12,16,32,41,52
507520,9,14,16,27,39,49
507620,2,30,46,53,54,57
507720,4,16,23,45,54,56
507820,14,25,42,50,53,56
507920,7,12,13,18,42,52
508020,4,24,35,40,41,48
508120,6,12,33,46,51,56
508220,1,4,15,24,41,43
508320,7,26,39,40,46,57
508420,17,24,47,55,57,58
508520,3,28,38,39,49,50
508620,7,13,20,23,24,27
508720,14,18,21,22,46,49
508820,1,18,19,23,24,58
512920,12,26,31,33,43,54
513020,21,30,43,45,48,56
513120,15,16,32,44,47,50
513220,16,21,36,40,45,56
513320,7,9,14,23,47,53
513420,20,23,26,27,43,57
513520,22,23,27,35,53,58
513620,25,26,40,45,49,58
513720,16,26,28,29,31,36
513820,22,29,31,43,49,57
513920,15,18,29,42,43,51
514020,8,20,37,51,55,58
514120,4,9,29,30,40,49
514220,6,13,17,26,32,47
514320,12,19,27,28,38,50
514420,26,35,46,49,55,57
514520,1,5,22,24,46,52
514620,3,18,36,52,54,57
514720,14,26,29,32,42,47
514820,5,16,18,42,56,58
514920,2,5,17,20,43,54
515020,1,4,5,13,15,41
515120,9,29,30,46,51,58
515220,5,7,22,23,25,47
515320,5,7,9,44,51,57
515420,6,21,42,44,47,52
515520,3,16,31,38,40,53
515620,2,5,8,14,25,30
515720,12,18,39,40,54,58
515820,12,16,35,38,40,41
515920,3,7,25,39,47,52
516020,2,19,23,43,48,51
516120,8,11,18,32,46,52
516220,3,30,31,32,33,38
516320,1,6,34,36,49,58
516420,17,25,39,43,55,57
516520,3,8,17,53,56,58
516620,11,20,27,36,39,40
516720,9,22,23,24,32,36
516820,4,30,43,47,56,58
516920,6,8,10,17,18,52
517020,10,13,26,33,48,50
517120,6,10,17,26,27,32
517220,5,11,18,43,49,55
517320,13,21,25,37,55,57
517420,5,8,9,15,42,43
517520,8,18,29,38,40,49
517620,1,7,17,35,37,40
517720,5,7,14,41,47,56
517820,4,8,32,38,40,50
517920,4,14,23,33,54,56
518020,22,29,31,45,48,53
518120,18,19,24,33,39,44
518220,4,12,14,26,32,35
518320,3,23,31,32,47,53
518420,9,17,30,33,39,58
518520,1,8,33,36,48,58
518620,5,6,24,26,31,46
518720,7,19,48,53,54,56
518820,3,8,12,19,24,44
518920,13,23,29,38,39,43
519020,39,47,52,55,57,58
519120,4,15,19,25,39,42
519220,14,26,28,39,48,52
519320,1,7,26,40,49,55
519420,1,17,20,26,27,34
519520,2,6,10,12,13,48
519620,10,14,24,29,53,57
519720,9,15,18,35,53,56
519820,1,4,16,23,43,50
519920,14,24,33,34,36,46
520020,4,5,14,40,43,50
520120,3,7,17,28,45,50
520220,5,8,11,26,50,51
520320,13,17,19,23,48,49
520420,8,20,25,39,47,51
520520,16,17,19,26,50,56
520620,4,16,31,48,49,50
520720,1,15,22,43,49,50
520820,2,6,23,28,45,56
520920,1,8,10,15,36,38
521020,6,9,10,13,14,24
521120,11,12,16,31,38,46
521220,14,16,32,36,38,51
521320,1,2,5,8,26,56
521420,2,3,20,28,36,53
521520,13,16,34,42,51,53
521620,12,18,37,44,48,55
521720,10,21,26,36,39,40
521820,23,29,34,39,51,56
521921,19,20,29,47,50,52
522021,1,7,28,32,55,57
522121,3,6,8,45,49,55
522221,4,13,19,41,42,57
522321,1,2,4,5,44,46
522421,4,14,47,50,51,57
522521,5,21,27,41,53,56
522621,24,29,33,42,44,53
522721,20,29,31,32,39,48
522821,2,3,15,26,33,46
522921,6,14,20,34,44,57
523021,7,15,21,41,53,55
523121,8,18,19,27,30,54
523221,7,22,26,36,43,45
523321,15,21,23,39,44,51
523421,1,24,25,37,49,55
523521,3,5,14,19,20,38
523621,16,17,31,33,35,51
523721,1,10,12,44,50,58
523821,4,9,26,35,37,53
523921,4,11,12,41,48,50
524021,11,12,14,35,39,49
524121,11,18,27,40,54,56
524221,1,4,19,32,33,42
524321,4,20,22,34,39,58
524421,3,15,24,34,48,52
524521,6,20,31,37,44,54
524621,4,12,22,47,48,50
524721,13,17,24,30,41,54
524821,8,17,30,35,53,58
524921,13,14,31,41,49,53
525021,3,12,22,33,36,41
525121,4,21,34,41,44,52
525221,5,26,28,30,36,44
525321,6,9,10,14,23,31
525421,2,12,18,23,34,51
525521,22,26,45,51,53,55
525621,10,12,13,39,52,53
525721,16,19,21,31,48,56
525821,2,3,8,32,48,50
525921,3,22,32,47,52,57
526021,12,26,31,39,52,53
526121,2,14,16,26,30,33
526221,16,22,34,35,50,58
526321,2,4,17,23,42,43
526421,5,6,23,34,42,53
526521,3,18,28,30,45,46
526621,3,7,20,31,39,55
526721,10,14,30,37,43,44
526821,7,16,22,23,49,56
526921,9,10,15,27,32,42
527021,1,8,11,28,54,56
527121,1,6,18,19,38,45
527221,8,14,24,44,46,49
527321,3,7,12,18,23,49
527421,6,10,34,40,42,43
527521,2,20,22,27,39,47
527621,21,33,34,39,52,55
527721,20,29,34,37,47,49
527821,7,23,24,31,42,56
527921,3,18,19,23,43,47
528021,6,8,14,15,26,29
528121,6,20,24,32,47,52
528221,8,15,37,43,44,45
528321,20,21,31,37,52,55
528421,29,35,38,42,46,51
528521,9,13,22,26,28,40
528621,7,12,17,26,33,51
528721,20,26,35,41,50,57
528821,3,17,34,50,51,54
528921,18,23,25,29,44,56
529021,10,14,21,24,35,38
529121,6,11,16,22,31,55
534421,3,15,18,27,35,55
534521,7,15,17,19,24,36
534621,3,18,33,37,40,57
534721,2,15,22,28,29,55
534821,7,13,25,43,45,50
534921,15,17,20,32,37,45
535021,4,12,24,28,41,53
535121,20,36,39,42,45,50
535221,6,18,20,28,41,51
535321,3,16,20,28,33,44
535421,8,24,26,29,41,56
535521,3,18,19,20,23,51
535621,13,18,38,40,44,47
535721,5,9,15,17,36,42
535821,1,20,36,45,49,51
535921,12,21,31,37,38,52
536021,4,7,18,38,50,54
536121,16,22,28,34,48,58
536221,10,11,23,30,43,55
536321,3,20,25,31,41,53
536421,1,2,25,29,38,57
536521,9,25,37,41,43,48
536621,11,29,30,35,38,45
536721,1,3,13,37,43,50
536821,14,18,22,26,46,55
536921,8,10,11,13,14,17
537021,2,12,22,33,41,42
537121,6,9,15,48,50,54
537221,1,20,40,44,50,51
537321,1,24,27,29,43,47
537421,2,9,11,13,15,35
537521,12,14,20,25,50,52
537621,17,18,26,44,50,51
537721,24,25,31,45,46,52
537821,11,15,21,30,35,54
537921,5,29,39,40,45,51
538021,24,34,45,50,53,54
538121,3,19,29,30,46,47
538221,4,10,11,14,50,53
538321,1,16,18,25,35,49
538421,13,15,25,31,51,53
538521,4,12,19,24,51,52
538621,27,35,42,50,52,58
538721,15,23,30,33,37,41
538821,2,5,8,23,31,51
538921,5,10,29,41,42,45
539021,12,16,22,51,53,58
539121,21,23,36,49,51,56
539221,12,23,50,52,57,58
539321,2,11,43,44,51,58
539421,5,7,32,39,42,53
539521,6,9,22,41,42,45
539621,7,22,24,29,41,46
539722,7,11,20,35,43,57
539822,17,19,23,34,51,53
539922,6,27,34,48,54,56
540022,5,18,24,40,45,55
540122,5,20,28,39,52,55
540222,2,24,37,42,45,48
540322,4,12,18,34,40,54
540422,17,27,31,36,52,58
540522,5,7,11,18,43,53
540622,4,32,42,43,48,55
540722,6,24,25,29,33,46
540822,1,13,25,26,29,43
540922,7,21,23,28,40,50
541022,4,8,26,32,36,44
541122,5,8,41,43,48,53
541222,3,17,28,29,31,37
541322,22,24,27,30,36,49
541422,5,15,24,29,34,53
541522,6,10,24,34,49,54
541622,6,14,16,32,50,53
541722,39,44,46,48,51,56
541822,18,19,21,29,35,53
541922,5,37,40,43,44,46
542022,6,16,26,36,39,49
542122,3,4,9,10,14,35
542222,4,15,23,40,45,54
542322,11,25,28,36,41,46
542422,29,32,43,46,47,48
542522,18,32,33,42,57,58
542622,1,5,12,17,31,57
542722,5,12,20,43,48,54
542822,4,19,35,39,41,46
542922,2,4,11,22,50,57
543022,4,6,32,39,41,45
543122,17,29,38,43,56,57
543222,14,15,34,39,47,52
543322,5,6,9,33,50,56
543422,8,9,24,32,53,56
543522,8,9,21,23,28,44
543622,20,26,38,43,46,58
543722,5,18,25,34,39,49
543822,2,5,12,15,25,27
543922,5,12,20,22,29,41
544022,8,17,33,41,42,55
544122,5,7,21,26,49,56
544222,13,24,25,29,44,50
544322,5,23,32,41,54,55
544422,4,10,21,39,40,44
544522,10,12,15,31,39,58
544622,6,32,37,39,52,53
544722,9,11,16,28,48,53
544822,2,19,26,28,34,44
544922,15,19,21,30,46,55
545022,9,13,26,34,35,46
545122,7,10,21,26,30,58
545222,5,12,26,31,40,56
545322,13,15,29,37,38,40
545422,11,41,46,49,53,57
545522,13,18,33,35,41,42
545622,7,16,26,39,57,58
545722,11,22,35,43,56,58
545822,4,11,12,17,46,48
545922,9,19,24,44,52,54
546022,4,16,26,31,35,57
546122,4,5,27,33,36,48
546222,23,24,27,37,54,56
546322,22,25,31,34,41,46
546422,4,16,48,50,53,58
546522,4,20,35,42,43,46
546622,13,16,17,46,50,54
546722,13,30,35,43,45,57
546822,6,13,23,36,48,50
546922,1,8,14,53,54,57
547022,8,14,27,28,55,56
547122,6,18,27,35,49,58
547222,6,8,11,24,40,46
547322,9,12,15,20,23,57
547422,9,11,19,25,27,54
547522,5,10,22,23,37,39
547622,13,18,24,31,41,52
547722,19,28,30,31,39,44
547822,14,19,20,35,42,57
547922,8,19,22,28,29,44
548022,5,23,29,37,40,44
548122,3,12,17,23,42,55
548222,19,29,34,43,49,55
548322,4,5,24,35,51,56
548422,6,16,31,32,44,51
548522,2,4,6,26,27,28
548622,7,8,10,30,31,35
548722,2,23,26,35,49,51
548822,6,20,41,43,49,50
548922,14,26,27,30,39,52
549022,4,14,16,28,40,42
549122,12,14,19,41,42,58
549222,4,9,33,38,41,45
549322,4,24,25,45,47,54
549422,6,31,36,44,45,50
549522,4,11,17,19,45,55
549622,1,17,25,26,39,51
549722,9,20,21,26,34,40
549822,11,13,17,18,24,27
549922,13,16,35,39,45,48
550022,3,12,42,43,52,53
550122,8,38,43,45,48,52
550222,3,26,33,35,41,49
550322,4,25,36,44,51,53
550422,7,11,22,36,40,56
550522,6,9,26,38,39,48
550622,8,20,26,34,47,51
550722,8,12,14,22,31,36
550822,3,11,25,34,50,58
550922,6,15,25,49,50,56
551022,3,11,24,34,35,45
551122,24,37,40,47,54,57
551222,7,8,11,19,30,56
551322,3,7,24,30,42,55
551422,6,21,30,43,47,53
551522,25,28,31,37,41,52
551622,8,16,17,24,44,57
551722,23,25,39,46,57,58
551822,19,33,42,50,53,54
551922,1,28,37,45,51,54
552022,1,3,9,11,26,47
552122,1,6,8,13,41,42
552222,14,16,19,20,26,55
552322,1,13,21,32,34,45
552422,12,20,33,34,36,43
552522,3,6,8,29,48,53
552622,11,39,42,44,53,57
552722,13,16,17,21,23,50
552822,3,14,17,36,41,47
552922,3,7,12,26,27,55
553022,7,19,27,44,54,57
553122,13,16,27,34,41,42
553222,5,8,22,23,36,41
553322,8,17,32,33,42,55
553422,14,24,32,35,47,56
553522,7,8,14,25,26,53
553622,37,38,43,49,53,58
553722,3,13,23,32,43,46
553822,35,36,44,45,47,52
553922,20,23,26,49,51,57
554022,9,25,40,43,47,55
554122,20,38,39,45,51,57
554222,32,38,39,43,44,50
554322,3,6,26,27,32,45
554422,27,28,30,48,55,56
554522,5,23,25,27,56,57
554622,7,23,31,32,43,56
554722,13,32,40,46,49,57
554822,10,11,18,37,42,58
554922,16,19,22,48,56,58
555022,4,5,11,21,45,55
555122,2,8,27,29,32,54
555222,2,7,9,16,39,46
555322,8,15,24,28,52,56
555422,5,14,26,29,44,54
555522,20,30,34,39,43,53
555622,14,19,25,39,51,53
555722,1,8,12,35,41,54
555822,8,17,22,31,41,49
555922,4,8,11,24,49,57
556022,9,13,21,29,30,53
556122,3,27,29,31,52,54
556222,5,11,20,44,47,50
556322,5,16,27,33,51,52
556422,6,9,11,16,17,27
556522,16,18,22,44,52,53
556622,3,18,19,23,39,55
556722,17,23,25,27,47,51
556822,11,25,29,37,45,47
556922,16,24,32,33,44,46
557022,19,20,26,38,39,55
557122,1,6,8,29,36,58
557222,11,16,39,50,54,57
557322,12,13,23,28,52,55
557422,6,19,25,38,46,50
557522,4,22,30,42,47,49
557623,5,7,16,23,24,28
557723,5,7,21,24,28,55
557823,3,5,27,36,48,50
557923,6,9,10,22,39,56
558023,4,7,10,17,24,32
558123,9,19,35,45,51,54
558223,8,22,36,43,49,58
558323,13,29,31,39,40,41
558423,4,27,32,40,47,50
558523,1,3,30,32,36,46
558623,5,13,15,30,35,58
558723,22,30,33,40,54,57
558823,1,10,26,30,33,43
558923,7,23,31,32,49,52
559023,3,6,17,33,35,49
559123,6,19,25,26,28,56
559223,14,18,39,42,48,53
559323,8,14,19,27,35,55
559423,4,6,8,11,17,22
559523,2,8,10,29,56,58
559623,2,3,13,20,32,37
559723,23,24,27,39,41,47
559823,3,5,15,16,21,52
559923,23,27,32,43,45,48
560023,9,14,15,28,39,48
560123,15,35,38,41,56,57
560223,1,9,14,16,32,37
560323,1,15,45,47,55,57
560423,13,39,44,51,53,56
560523,6,19,21,30,54,55
560623,29,33,37,40,44,48
560723,5,15,27,32,46,57
560823,23,26,29,34,35,49
560923,10,17,40,43,50,54
561023,12,17,27,28,31,33
561123,7,14,15,17,22,50
561223,4,25,32,45,55,58
561323,14,15,32,34,40,41
561423,13,15,31,50,52,56
561523,8,13,19,49,50,54
561623,13,21,24,29,32,44
561723,8,9,22,42,48,50
561823,6,25,29,38,43,45
561923,13,14,35,48,49,55
562023,3,25,31,34,37,53
562123,15,17,20,28,51,52
562223,7,8,26,52,57,58
562323,4,7,16,32,44,49
562423,9,31,35,42,43,48
562523,4,10,17,43,52,54
562623,3,4,11,25,28,32
562723,15,26,33,35,42,53
562823,4,15,16,30,38,58
562923,1,14,23,40,41,48
563023,11,18,22,26,31,36
563123,5,7,28,37,40,57
563223,7,14,25,32,38,47
563323,5,27,36,39,41,46
563423,13,15,31,40,44,46
563523,33,34,41,42,53,57
563623,10,29,33,45,48,55
563723,4,30,37,38,40,44
563823,1,7,10,20,49,57
563923,2,3,4,34,44,46
564023,10,23,35,45,52,57
564123,5,22,26,46,54,55
564223,9,11,19,29,34,52
564323,4,10,17,32,43,45
564423,2,3,7,8,33,55
564523,13,35,37,49,53,57
564623,6,18,19,27,30,52
564723,13,27,33,42,55,58
564823,13,17,31,35,47,48
564923,14,26,37,39,47,56
565023,1,7,28,38,45,47
565123,2,4,21,25,46,53
565223,4,7,13,19,29,53
565323,9,20,27,30,38,48
565423,9,19,23,29,31,43
565523,5,9,25,30,35,55
565623,5,10,38,48,49,57
565723,10,12,25,34,49,54
565823,8,10,15,31,41,47
565923,4,8,13,15,41,42
566023,9,15,18,20,29,40
566123,1,4,6,19,36,47
566223,18,33,45,49,55,58
566323,10,16,23,24,48,50
566423,2,12,27,38,42,50
566523,10,22,34,41,45,56
566623,12,34,42,45,50,51
566723,5,12,22,24,42,51
566823,2,12,22,25,38,40
566923,6,9,17,22,34,53
567023,7,9,24,37,47,56
567123,5,10,14,19,40,43
567223,12,21,25,31,46,54
567323,17,18,37,40,46,56
567423,3,10,14,23,30,51
567523,7,21,23,29,34,43
567623,15,23,27,28,45,50
567723,29,31,35,40,50,55
567823,10,14,23,35,50,55
567923,9,23,25,44,55,58
568023,8,27,45,50,51,52
568123,21,30,33,36,39,45
568223,2,18,19,37,42,56
568323,14,22,24,25,44,50
568423,2,29,39,40,49,56
568523,10,24,31,41,49,53
568623,2,5,16,40,50,53
568723,7,13,28,31,48,58
568823,3,21,32,36,41,45
568923,10,20,34,35,38,39
569023,19,26,38,49,51,52
569123,20,23,26,38,46,54
569223,18,36,41,43,53,56
569323,12,19,29,51,53,55
569423,1,5,7,10,21,31
569523,7,17,25,30,41,50
569623,12,26,34,40,44,55
569723,26,27,37,40,43,46
569823,8,15,26,34,57,58
569923,14,16,32,42,52,53
570023,7,13,33,40,47,51
570123,5,7,25,42,54,58
570223,3,8,20,38,50,56
570323,4,6,39,43,45,52
570423,5,11,16,21,33,48
570523,17,38,40,41,49,55
570623,4,17,24,30,37,40
570723,7,19,20,22,48,49
570823,8,25,33,43,50,56
570923,1,2,9,25,28,29
571023,6,15,23,39,44,53
571123,7,17,24,43,47,49
571223,3,4,5,11,20,21
571323,1,24,31,48,52,53
571423,9,14,29,31,37,47
571523,3,4,13,25,51,53
571623,11,18,23,28,39,55
571723,5,6,14,22,36,52
571823,1,5,8,15,35,40
571923,8,13,24,26,37,47
572023,4,6,30,33,40,44
572123,5,7,17,25,39,47
572223,16,25,28,31,36,46
572323,10,11,21,36,43,49
572423,10,17,24,45,48,52
572523,12,16,18,20,33,42
572623,2,4,12,32,34,49
572723,9,27,30,37,48,55
572823,1,16,19,32,35,36
572923,3,16,24,32,46,49
573023,16,18,29,37,38,45
573123,7,12,17,21,47,53
573223,9,19,38,42,48,56
573323,1,2,8,21,24,54
573423,14,17,45,47,50,55
573523,18,20,23,36,57,58
573623,24,26,30,38,40,46
573723,14,17,38,50,52,55
573823,1,12,28,31,47,53
573923,3,19,29,36,40,57
574023,5,15,21,24,47,52
574124,16,17,36,37,47,56
574224,19,20,32,38,55,57
574324,12,26,27,39,43,44
574424,1,4,5,9,22,49
574524,4,7,20,26,34,46
574624,1,21,23,30,50,53
574724,17,38,42,48,53,54
574824,3,4,11,18,42,57
574924,24,32,33,38,42,46
575024,1,6,19,30,35,55
575124,4,7,11,36,49,50
575224,1,12,21,26,35,41
575324,9,20,23,35,47,54
575424,15,18,21,40,51,57
575524,19,33,39,40,43,58
575624,13,21,22,30,47,55
575724,2,30,31,32,49,58
575824,14,17,27,31,42,50
575924,3,6,14,15,36,48
576024,4,8,23,30,36,51
576124,29,40,43,49,52,56
576224,6,14,23,50,53,55
576324,7,21,30,32,36,50
576424,5,6,11,17,38,41
576524,6,17,24,25,33,36
576624,1,3,23,30,46,48
576724,7,14,19,42,48,51
576824,14,21,22,25,36,50
576924,1,13,30,43,48,50
577024,7,12,16,21,24,49
577124,16,19,28,31,35,52
577224,2,31,34,44,51,56
577324,10,26,27,44,49,55
577424,1,20,38,39,44,53
577524,12,17,18,37,46,52
577624,5,21,26,39,50,58
577724,15,36,39,47,48,55
577824,1,2,3,4,24,27
577924,11,20,23,40,45,55
578024,5,6,13,24,31,58
578124,8,12,15,19,31,52
578224,9,24,34,36,43,44
578324,13,27,36,49,51,56
578424,6,11,16,43,45,53
578524,12,13,15,38,39,50
578624,10,13,26,34,40,50
578724,5,10,28,29,35,50
578824,1,26,29,32,41,44
578924,8,10,13,33,39,40
579024,5,17,35,46,49,51
579124,9,26,39,52,53,56
579224,2,6,34,49,51,53
579324,7,10,15,47,51,56
579424,8,13,18,28,43,51
579524,19,26,29,37,41,51
579624,8,28,29,32,43,45
579724,11,19,22,23,36,39
579824,1,2,9,13,22,36
579924,7,17,30,33,51,57
580024,4,12,14,20,27,30
580124,1,8,28,29,49,53
580224,1,10,30,35,42,51
580324,2,7,22,41,52,54
580424,6,9,11,23,33,46
580524,2,10,22,36,38,42
580624,23,24,26,50,53,57
580724,2,13,25,30,36,55
580824,1,2,19,20,23,53
580924,13,14,16,20,43,46
581024,7,23,24,25,37,48
581124,13,21,22,40,42,47
581224,1,2,25,39,41,58
581324,1,7,32,41,51,55
581424,3,29,31,32,48,50
581524,6,23,33,36,38,51
581624,2,21,26,36,37,55
581724,22,27,36,38,44,47
581824,7,9,26,29,43,45
581924,5,7,16,21,29,46
582024,1,11,15,32,39,51
582124,18,25,29,33,40,50
582224,10,32,43,45,54,58
582324,10,21,23,36,49,55
582424,3,11,26,33,35,55
582524,12,26,30,32,34,35
582624,27,34,41,43,45,48
582724,25,28,42,53,57,58
582824,6,8,10,40,46,58
582924,4,17,35,37,51,56
583024,15,35,37,38,41,48
583124,1,21,45,46,55,56
583224,10,15,28,36,45,49
583324,3,20,21,40,47,55
583424,20,45,46,51,57,58
583524,24,32,38,39,49,57
583624,11,32,36,39,48,55
583724,31,38,41,52,53,58
583824,9,11,36,37,50,56
583924,1,31,41,43,54,56
584024,10,23,28,38,42,43
584124,2,20,23,26,49,56
584224,1,26,30,32,37,43
584324,2,3,33,35,39,53
584424,1,13,22,32,33,46
584524,12,20,26,27,41,46
584624,3,5,35,51,53,56
584724,17,21,42,47,52,57
584824,13,14,15,16,39,55
584924,1,6,21,28,39,45
585024,23,30,35,43,44,55
585124,6,14,15,22,30,42
585224,12,14,21,26,38,54
585324,1,11,27,30,48,57
585424,2,4,19,21,33,49
585524,5,14,16,41,43,56
585624,2,5,17,26,32,47
585724,7,18,19,29,42,48
585824,1,4,15,17,40,52
585924,16,22,32,36,42,48
586024,8,22,35,40,46,51
586124,4,23,27,36,41,51
586224,2,3,19,22,30,49
586324,3,4,6,20,34,54
586424,20,22,28,34,36,46
586524,10,19,39,40,43,45
586624,4,12,32,35,41,55
586724,4,11,25,40,50,55
586824,2,16,23,30,45,51
586924,2,22,37,41,42,46
587024,30,32,38,39,44,58
587124,10,23,26,36,38,43
587224,3,8,16,34,39,48
587324,6,17,20,33,37,46
587424,8,12,36,38,44,46
587524,5,15,19,29,46,47
587624,14,33,35,48,52,58
587724,10,11,17,29,48,57
587824,19,20,23,49,52,55
587924,1,15,19,40,42,57
588024,6,7,16,21,27,48
588124,13,15,30,42,44,58
588224,4,5,8,17,22,37
588324,9,15,20,22,39,54
588424,4,10,47,48,53,58
588524,6,19,26,31,33,44
588624,8,14,22,25,38,58
588724,20,23,30,34,35,55
588824,4,12,13,36,50,57
588924,3,6,25,31,40,56
589024,3,7,9,21,27,50
589124,3,21,31,36,42,44
589224,9,18,19,22,36,43
589324,5,7,32,36,38,47
589424,10,16,52,53,54,57
589524,4,5,9,25,40,51
589624,20,24,29,30,35,38
589724,17,21,29,47,51,58
589824,11,36,39,49,56,57
589924,3,29,42,43,52,57
590024,4,9,11,24,37,44
590124,4,13,19,32,41,50
590224,13,16,31,47,50,54
590324,15,23,24,38,51,57
590424,6,17,25,41,43,45
590525,2,13,45,46,56,57
590625,1,2,16,30,50,58
590725,32,37,45,50,57,58
590825,1,2,18,19,35,46
